heldout_fold,train_n,recommended_loss,imbalance_ratio,class_counts_json,class_weights_json,label_smoothing,focal_gamma,weighted_random_sampler_default
0,382,weighted_ce,4.884615384615385,"[111, 118, 127, 26]","[0.5646587610244751, 0.5311620235443115, 0.4935206472873688, 2.410658597946167]",0.1,0.0,False
1,383,weighted_ce,4.571428571428571,"[108, 119, 128, 28]","[0.605285108089447, 0.5493344068527222, 0.5107093453407288, 2.3346712589263916]",0.1,0.0,False
2,378,weighted_ce,4.464285714285714,"[107, 125, 118, 28]","[0.6075142025947571, 0.5200321674346924, 0.5508815050125122, 2.3215720653533936]",0.1,0.0,False
3,382,weighted_ce,4.923076923076923,"[109, 119, 128, 26]","[0.5747261643409729, 0.5264298319816589, 0.4894152283668518, 2.409428834915161]",0.1,0.0,False
4,379,weighted_ce,4.392857142857143,"[109, 119, 123, 28]","[0.5974605679512024, 0.5472537875175476, 0.5294569134712219, 2.325828790664673]",0.1,0.0,False
