cohort,0,1
FAMILIPO,0.5308641975308642,0.4691358024691358
MRCC,0.84375,0.15625
ORNET,0.45454545454545453,0.5454545454545454
RETINORM,0.36,0.64
