fold,mask_source,n_train,n_inner_val,n_outer_test,loss_name,imbalance_ratio,temperature,val_macro_f1,val_balanced_accuracy,test_macro_f1,test_balanced_accuracy,stage2_epochs_recorded,stage3_epochs_recorded
0,unetpp_student,305,77,94,weighted_label_smoothing_ce,5.105263157894737,2.6773898601531982,0.8141014928698752,0.7949671172816952,0.6600104085349987,0.6539008620689655,15,59
1,unetpp_student,304,79,93,weighted_label_smoothing_ce,4.076923076923077,1.0580661296844482,0.7670308857808857,0.7359838437424644,0.6312724014336918,0.6170314900153611,15,42
2,unetpp_student,302,76,98,weighted_label_smoothing_ce,5.25,2.078263282775879,0.7602321761004249,0.7701388888888889,0.7650982983261465,0.7669600725952813,15,56
3,unetpp_student,305,77,94,weighted_label_smoothing_ce,5.0,0.9932992458343506,0.6862240551074051,0.6949976624590931,0.7562030471498162,0.765729006656426,15,16
4,unetpp_student,303,76,97,weighted_label_smoothing_ce,4.0,1.203355312347412,0.7079009934656115,0.7652245305918469,0.6674619327604402,0.6923536439665471,15,26
